{
    "pollution_109": {
        "0": [
            {
                "height": 0.56772334293948,
                "left": 0.11346153846154,
                "top": 0.40634005763689,
                "width": 0.58846153846154
            }
        ]
    },
    "pollution_112": {
        "0": [
            {
                "height": 0.4621409921671,
                "left": 0.02156862745098,
                "top": 0.5378590078329,
                "width": 0.98039215686275
            }
        ]
    },
    "pollution_124": {
        "0": [
            {
                "height": 0.49551569506726,
                "left": 0.27620396600567,
                "top": 0.49775784753363,
                "width": 0.44900849858357
            }
        ],
        "1": [
            {
                "height": 0.35650224215247,
                "left": 0.21671388101983,
                "top": 0.071748878923767,
                "width": 0.34560906515581
            }
        ]
    },
    "pollution_126": {
        "0": [
            {
                "height": 0.99071789318536,
                "left": 0.06219512195122,
                "top": 0.0,
                "width": 0.5280487804878
            }
        ]
    },
    "pollution_132": {
        "0": [
            {
                "height": 0.36960600375235,
                "left": 0.18875,
                "top": 0.0093808630393996,
                "width": 0.51625
            }
        ]
    },
    "pollution_138": {
        "0": [
            {
                "height": 0.48860827895607,
                "left": 0.38170731707317,
                "top": 0.50324822738921,
                "width": 0.27317073170732
            }
        ],
        "1": [
            {
                "height": 0.45383840142736,
                "left": 0.78658536585366,
                "top": 0.49775824672678,
                "width": 0.1719512195122
            }
        ]
    },
    "pollution_143": {
        "0": [
            {
                "height": 0.14714714714715,
                "left": 0.348,
                "top": 0.11411411411411,
                "width": 0.178
            }
        ],
        "1": [
            {
                "height": 0.1981981981982,
                "left": 0.762,
                "top": 0.7987987987988,
                "width": 0.134
            }
        ]
    },
    "pollution_148": {
        "0": [
            {
                "height": 0.56,
                "left": 0.22333333333333,
                "top": 0.44,
                "width": 0.515
            }
        ]
    },
    "pollution_149": {
        "0": [
            {
                "height": 0.36960600375235,
                "left": 0.26375,
                "top": 0.53470919324578,
                "width": 0.6425
            }
        ]
    },
    "pollution_151": {
        "0": [
            {
                "height": 0.89714285714286,
                "left": 0.33225806451613,
                "top": 0.10285714285714,
                "width": 0.26451612903226
            }
        ],
        "1": [
            {
                "height": 0.68285714285714,
                "left": 0.60806451612903,
                "top": 0.31714285714286,
                "width": 0.18225806451613
            }
        ]
    },
    "pollution_153": {
        "0": [
            {
                "height": 0.20833333333333,
                "left": 0.403125,
                "top": 0.74166666666667,
                "width": 0.2109375
            }
        ]
    },
    "pollution_154": {
        "0": [
            {
                "height": 0.54858934169279,
                "left": 0.0,
                "top": 0.45141065830721,
                "width": 0.48181818181818
            }
        ]
    },
    "pollution_161": {
        "0": [
            {
                "height": 0.53029596951422,
                "left": 0.14634146341463,
                "top": 0.36037719055016,
                "width": 0.47560975609756
            }
        ]
    },
    "pollution_163": {
        "0": [
            {
                "height": 0.29777777777778,
                "left": 0.67333333333333,
                "top": 0.055555555555556,
                "width": 0.15
            }
        ],
        "1": [
            {
                "height": 0.36222222222222,
                "left": 0.36666666666667,
                "top": 0.41333333333333,
                "width": 0.19
            }
        ]
    },
    "pollution_173": {
        "0": [
            {
                "height": 0.90235350205347,
                "left": 0.2390243902439,
                "top": 0.0,
                "width": 0.58780487804878
            }
        ]
    },
    "pollution_176": {
        "0": [
            {
                "height": 0.34,
                "left": 0.56333333333333,
                "top": 0.66,
                "width": 0.13833333333333
            }
        ],
        "1": [
            {
                "height": 0.26444444444444,
                "left": 0.35,
                "top": 0.72666666666667,
                "width": 0.13166666666667
            }
        ],
        "2": [
            {
                "height": 0.22888888888889,
                "left": 0.455,
                "top": 0.39555555555556,
                "width": 0.175
            }
        ]
    },
    "pollution_178": {
        "0": [
            {
                "height": 0.22194239368685,
                "left": 0.27560975609756,
                "top": 0.28569180463946,
                "width": 0.11829268292683
            },
            {
                "height": 0.23847001874864,
                "left": 0.1609756097561,
                "top": 0.41555171583921,
                "width": 0.14024390243902
            },
            {
                "height": 0.20541476862507,
                "left": 0.0,
                "top": 0.61860539516974,
                "width": 0.20731707317073
            }
        ]
    },
    "pollution_179": {
        "0": [
            {
                "height": 0.18053612690385,
                "left": 0.15121951219512,
                "top": 0.53796118622864,
                "width": 0.37439024390244
            }
        ]
    },
    "pollution_180": {
        "0": [
            {
                "height": 0.91100702576112,
                "left": 0.3671875,
                "top": 0.07728337236534,
                "width": 0.459375
            }
        ]
    },
    "pollution_181": {
        "0": [
            {
                "height": 0.47501989125672,
                "left": 0.24512195121951,
                "top": 0.52490782504167,
                "width": 0.75609756097561
            }
        ]
    },
    "pollution_184": {
        "0": [
            {
                "height": 0.678125,
                "left": 0.6375,
                "top": 0.30625,
                "width": 0.36458333333333
            },
            {
                "height": 0.4125,
                "left": 0.08125,
                "top": 0.5625,
                "width": 0.5375
            }
        ]
    },
    "pollution_191": {
        "0": [
            {
                "height": 0.65,
                "left": 0.13777777777778,
                "top": 0.35,
                "width": 0.54888888888889
            }
        ]
    },
    "pollution_194": {
        "0": [
            {
                "height": 0.44227642276423,
                "left": 0.0,
                "top": 0.31219512195122,
                "width": 0.61829268292683
            }
        ]
    },
    "pollution_195": {
        "0": [
            {
                "height": 0.14419475655431,
                "left": 0.645,
                "top": 0.39700374531835,
                "width": 0.2125
            }
        ],
        "1": [
            {
                "height": 0.17977528089888,
                "left": 0.30625,
                "top": 0.312734082397,
                "width": 0.26625
            }
        ]
    },